{"cameraMode":{"drawMode":0,"name":"Shaded","section":"Shading Mode"},"sceneLighting":false,"audioPlay":false,"sceneViewState":{"m_AlwaysRefresh":false,"showFog":true,"showSkybox":false,"showFlares":true,"showImageEffects":true,"showParticleSystems":true,"showVisualEffectGraphs":true,"m_FxEnabled":true},"in2DMode":false,"pivot":{"x":-0.10000000149011612,"y":1.1130585670471192,"z":5.300000190734863},"rotation":{"x":0.2708278000354767,"y":-0.040416035801172259,"z":0.0113811194896698,"w":0.9617161154747009},"size":1.0987515449523926,"orthographic":false}